Workbook
Name Oppervlakte_m2: Parameters!$B$4
Name Aantal_groepen: Parameters!$B$5
Name Aantal_ruimten: Parameters!$B$6
Name Egaline_mm: Parameters!$B$7

Sheet Overzicht
A1: Vloerverwarming — SlimFit 12 op BETON (max 30 mm). Speel met m² op Parameters
A3: Huidige oppervlakte | B3: =Parameters!B4 | C3: m²
A4: Groepen / ruimten | B4: =Parameters!B5&" groepen · "&Parameters!B6&" ruimten"
A6: Gekozen regeling | B6: ='Regeling-keuze'!B3
A8: TOTALEN (artikelen + verzending)
A9: Optie | B9: Artikelen | C9: Verzending | D9: All-in
A10: Basis (altijd) | B10: =SUMIF(Boodschappenlijst!C:C,"altijd",Boodschappenlijst!N:N) | C10: =Verzending!B14 | D10: =B10+C10
A11: + Tado bedraad (aanbevolen) | B11: =B10+SUMIF(Boodschappenlijst!C:C,"tado_bedraad",Boodschappenlijst!N:N) | C11: =Verzending!B15 | D11: =B11+C11
A12: + Tado draadloos | B12: =B10+SUMIF(Boodschappenlijst!C:C,"tado_draadloos",Boodschappenlijst!N:N) | C12: =Verzending!B15 | D12: =B12+C12
A13: + Magnum H64 | B13: =B10+SUMIF(Boodschappenlijst!C:C,"h64",Boodschappenlijst!N:N) | C13: =Verzending!B16 | D13: =B13+C13
A15: Zo gebruiken
A16: 1. Parameters: m², groepen, ruimten, opbouwhoogte (17–22 mm Magnum; max 30).
A17: 2. Ondergrond = beton (vast). Nat 16 mm past NIET in 3 cm.
A18: 3. Boodschappenlijst = SlimFit + PE-RT 12 + Kreisel vezel-egaline.
A19: 4. Check Verzending + hoogte-check Parameters!B21.
A21: Hardheid: beton helpt sterk. Vul egaline tot 22 mm (desnoods tot 28–30 mm). Tegels als afwerking = stevigst.
A22: Infrezen in beton: alleen als constructie/dikte het toelaat (vaak niet in constructief beton) — laat beoordelen. Anders: deze SlimFit-BOM.

Sheet NL-leverbaarheid
A1: NL-leverbaarheid — SlimFit op beton ≤30 mm
A2: Buitenland mag, mits verzendkosten + levertijd expliciet meegenomen zijn. Schakelaar actuators: Parameters!B8.
A4: Huidige actuators-keuze | B4: =Parameters!B8
A6: Artikel | B6: Land | C6: Webshop | D6: Levertijd naar NL | E6: Verzending meegenomen? | F6: Status
A7: =Boodschappenlijst!E6 | B7: =Boodschappenlijst!R6 | C7: =Boodschappenlijst!P6 | D7: =Boodschappenlijst!O6 | E7: =IF(OR(Boodschappenlijst!R6="NL",Boodschappenlijst!R6=""),"n.v.t. (NL)",IF(ISNUMBER(SEARCH("DE",Boodschappenlijst!R6&"")),"JA — zie Verzending","check")) | F7: =Boodschappenlijst!U6
A8: =Boodschappenlijst!E7 | B8: =Boodschappenlijst!R7 | C8: =Boodschappenlijst!P7 | D8: =Boodschappenlijst!O7 | E8: =IF(OR(Boodschappenlijst!R7="NL",Boodschappenlijst!R7=""),"n.v.t. (NL)",IF(ISNUMBER(SEARCH("DE",Boodschappenlijst!R7&"")),"JA — zie Verzending","check")) | F8: =Boodschappenlijst!U7
A9: =Boodschappenlijst!E8 | B9: =Boodschappenlijst!R8 | C9: =Boodschappenlijst!P8 | D9: =Boodschappenlijst!O8 | E9: =IF(OR(Boodschappenlijst!R8="NL",Boodschappenlijst!R8=""),"n.v.t. (NL)",IF(ISNUMBER(SEARCH("DE",Boodschappenlijst!R8&"")),"JA — zie Verzending","check")) | F9: =Boodschappenlijst!U8
A10: =Boodschappenlijst!E9 | B10: =Boodschappenlijst!R9 | C10: =Boodschappenlijst!P9 | D10: =Boodschappenlijst!O9 | E10: =IF(OR(Boodschappenlijst!R9="NL",Boodschappenlijst!R9=""),"n.v.t. (NL)",IF(ISNUMBER(SEARCH("DE",Boodschappenlijst!R9&"")),"JA — zie Verzending","check")) | F10: =Boodschappenlijst!U9
A11: =Boodschappenlijst!E10 | B11: =Boodschappenlijst!R10 | C11: =Boodschappenlijst!P10 | D11: =Boodschappenlijst!O10 | E11: =IF(OR(Boodschappenlijst!R10="NL",Boodschappenlijst!R10=""),"n.v.t. (NL)",IF(ISNUMBER(SEARCH("DE",Boodschappenlijst!R10&"")),"JA — zie Verzending","check")) | F11: =Boodschappenlijst!U10
A12: =Boodschappenlijst!E11 | B12: =Boodschappenlijst!R11 | C12: =Boodschappenlijst!P11 | D12: =Boodschappenlijst!O11 | E12: =IF(OR(Boodschappenlijst!R11="NL",Boodschappenlijst!R11=""),"n.v.t. (NL)",IF(ISNUMBER(SEARCH("DE",Boodschappenlijst!R11&"")),"JA — zie Verzending","check")) | F12: =Boodschappenlijst!U11
A13: =Boodschappenlijst!E12 | B13: =Boodschappenlijst!R12 | C13: =Boodschappenlijst!P12 | D13: =Boodschappenlijst!O12 | E13: =IF(OR(Boodschappenlijst!R12="NL",Boodschappenlijst!R12=""),"n.v.t. (NL)",IF(ISNUMBER(SEARCH("DE",Boodschappenlijst!R12&"")),"JA — zie Verzending","check")) | F13: =Boodschappenlijst!U12
A14: =Boodschappenlijst!E13 | B14: =Boodschappenlijst!R13 | C14: =Boodschappenlijst!P13 | D14: =Boodschappenlijst!O13 | E14: =IF(OR(Boodschappenlijst!R13="NL",Boodschappenlijst!R13=""),"n.v.t. (NL)",IF(ISNUMBER(SEARCH("DE",Boodschappenlijst!R13&"")),"JA — zie Verzending","check")) | F14: =Boodschappenlijst!U13
A15: =Boodschappenlijst!E14 | B15: =Boodschappenlijst!R14 | C15: =Boodschappenlijst!P14 | D15: =Boodschappenlijst!O14 | E15: =IF(OR(Boodschappenlijst!R14="NL",Boodschappenlijst!R14=""),"n.v.t. (NL)",IF(ISNUMBER(SEARCH("DE",Boodschappenlijst!R14&"")),"JA — zie Verzending","check")) | F15: =Boodschappenlijst!U14
A16: =Boodschappenlijst!E15 | B16: =Boodschappenlijst!R15 | C16: =Boodschappenlijst!P15 | D16: =Boodschappenlijst!O15 | E16: =IF(OR(Boodschappenlijst!R15="NL",Boodschappenlijst!R15=""),"n.v.t. (NL)",IF(ISNUMBER(SEARCH("DE",Boodschappenlijst!R15&"")),"JA — zie Verzending","check")) | F16: =Boodschappenlijst!U15
A17: =Boodschappenlijst!E16 | B17: =Boodschappenlijst!R16 | C17: =Boodschappenlijst!P16 | D17: =Boodschappenlijst!O16 | E17: =IF(OR(Boodschappenlijst!R16="NL",Boodschappenlijst!R16=""),"n.v.t. (NL)",IF(ISNUMBER(SEARCH("DE",Boodschappenlijst!R16&"")),"JA — zie Verzending","check")) | F17: =Boodschappenlijst!U16
A18: =Boodschappenlijst!E17 | B18: =Boodschappenlijst!R17 | C18: =Boodschappenlijst!P17 | D18: =Boodschappenlijst!O17 | E18: =IF(OR(Boodschappenlijst!R17="NL",Boodschappenlijst!R17=""),"n.v.t. (NL)",IF(ISNUMBER(SEARCH("DE",Boodschappenlijst!R17&"")),"JA — zie Verzending","check")) | F18: =Boodschappenlijst!U17
... A25: =Boodschappenlijst!E24 | B25: =Boodschappenlijst!R24 | C25: =Boodschappenlijst!P24 | D25: =Boodschappenlijst!O24 | E25: =IF(OR(Boodschappenlijst!R24="NL",Boodschappenlijst!R24=""),"n.v.t. (NL)",IF(ISNUMBER(SEARCH("DE",Boodschappenlijst!R24&"")),"JA — zie Verzending","check")) | F25: =Boodschappenlijst!U24
A27: Samenvatting
A28: • SlimFit-BOM: NL-webshops + optioneel eibhandel DE→NL voor actuators.
A29: • Hoogte: Parameters B7≤B10 (30 mm). Nat systeem verwijderd.
A30: • Ondergrond beton: primer verplicht (Kreisel in lijst).
A31: • Actuators: Parameters!B8 DE→NL of NL zeker.

Sheet Parameters
A1: STUURVARIABELEN — beton + max. 30 mm opbouw; gele cellen aanpassen
A3: PROJECT / RANDVOORWAARDEN
A4: Oppervlakte | B4: 30 | C4: m² | D4: ← KEY
A5: Aantal groepen | B5: 4 | C5: st | D5: max ~100 m buis/groep
A6: Aantal ruimten | B6: 3 | C6: st | D6: Tado/H64
A7: Totale opbouw VV+egaline | B7: 22 | C7: mm | D7: Magnum SlimFit 12: 17–22 mm. Jouw max = 30 mm. Hoger (tot 28–30) = meer dekking = harder.
A8: Actuators leveren vanuit | B8: DE→NL (eibhandel, goedkoopst) | C8: keuze | D8: Of: "NL zeker (VerwarmingOnline)"
A9: Ondergrond | B9: Beton | C9: vast | D9: Goed: stijve basis → minder kans op golven dan hout
A10: Max. beschikbare hoogte | B10: 30 | C10: mm | D10: Harde limiet; nat 16 mm + zandcement past NIET
A11: SlimFit pakken | B11: =CEILING(B4/3.75,1) | C11: pak à 3,75 m²
A12: AFGELEIDE WAARDEN (auto) | B12: =CEILING(B4*1.5*B7/25,1) | C12: zak à 25 kg
A13: Buislengte (indicatie) | B13: =ROUND(B4*10,0) | C13: m | D13: ≈10 m/m² SlimFit 12 (h.o.h. 12,5 cm)
A14: SlimFit pakken | B14: =CEILING(B4/3.75,1) | C14: pak à 3,75 m²
A15: Egaline zakken | B15: =CEILING(B4*1.5*B7/25,1) | C15: zak à 25 kg | D15: 1,5 kg/m²/mm × totale opbouwhoogte B7
A16: PE-RT rollen 300 m | B16: =MAX(1,CEILING(B13/300,1)) | C16: rol
A17: Contactlijm bussen | B17: =MAX(1,CEILING(B4*0.2,1)) | C17: bus
A18: Randisolatie rollen | B18: =MAX(2,CEILING(B4/10,1)) | C18: rol à 25 m
A19: Primer bussen 5 L | B19: =MAX(1,CEILING(B4*2/30,1)) | C19: bus | D19: Beton: altijd primer
A20: Tado/H64 slaves | B20: =MAX(0,B6-1) | C20: st | D20: Levertijd / land / opmerking
A21: Hoogte-check | B21: =IF(B7<=B10,"OK ≤ max","TE HOOG t.o.v. max") | D21: B7 mag niet boven B10
A22: 123InstallatieMaterialen | B22: €200 | C22: €6,95 | D22: NL · morgen in huis
A23: VERZENDREGELS (NL, all-in) | B23: €150 | C23: €6,95 | D23: NL · volgende werkdag
A24: Shop | B24: Gratis vanaf | C24: Kosten onder drempel | D24: Levertijd / land
A25: Elektramat | B25: €150 excl. btw | C25: ≈ €4,95 incl | D25: NL · 1 wd
A26: 123InstallatieMaterialen | B26: €200 | C26: €6,95 | D26: NL · morgen
A27: 123Installatieshop | B27: €150 | C27: €6,95 | D27: NL · ≤1 week
A28: EgalineXXL / RBMB | B28: €600 excl. btw | C28: pallet ≈ €60,50 | D28: NL · pallet
A29: eibhandel.de | B29: €1000 | C29: ≈ €15,41 incl | D29: DE→NL DHL
A30: Warp Systems | B30: n.v.t. | C30: €0 | D30: NL · 1 wd
A31: tado° Shop | B31: €150 | C31: €4,99 | D31: NL/EU 2–4 wd
A32: Installand | B32: €60 | C32: ~€6,95 | D32: NL
A33: VerwarmingOnline | B33: €385 | C33: ~€6,95 | D33: NL 3–4 wd
A34: NL-LEVERZEKERHEID
A35: Standaard: alle artikelen NL-webshops behalve actuators.
A36: Actuators DE→NL: eibhandel.de levert naar NL (DHL zone 1), verzending ≈€15,41, levertijd 2–5 wd DE + NL-transit (meestal ≤1 week).
A37: Wil je 100% NL-webshop? Zet B8 op "NL zeker (VerwarmingOnline)" — all-in dan ~€80–€87 i.p.v. ~€55.

Sheet Boodschappenlijst
A1: Boodschappenlijst — SlimFit 12 op BETON, max 30 mm. Hoeveelheden schalen met Parameters!B4
A2: Nat 16 mm/zandcement past niet (te hoog). Beton = stijve basis → SlimFit + vezel-egaline tot 22–30 mm is hier de kwalitatief beste haalbare optie.
A4: KOPJE: Vloerverwarming
A5: Kopje | B5: Nr | C5: Keuze | D5: Categorie | E5: Benodigd artikel | F5: Artikelnr | G5: Omschrijving | H5: Waarvoor nodig | I5: Hoeveelheid | J5: Eenheid | K5: Prijs/st | L5: Goedkoopste/st | M5: Kwaliteit | N5: Totaal | O5: Levertijd | P5: Webshop | Q5: Product-URL | R5: Land | S5: Verzenddrempel | T5: Waarom / opmerking | U5: NL-zekerheid
A6: Vloerverwarming | B6: 1 | C6: altijd | D6: Bevestiging | E6: MAGNUM SlimFit 12 bevestigingsmat 3,75 m² | F6: W61012 | G6: Kunststof klikmatten 5×75×100 cm = 3,75 m², opbouw ~14 mm. | H6: Basislaag voor buizen. | I6: =CEILING(Parameters!$B$4/3.75,1) | J6: pak | K6: 86.94 | L6: 86.94 | M6: behouden | N6: =I6*K6 | O6: NL · 1 werkdag (op voorraad) | P6: Elektramat | Q6: https://www.elektramat.nl/magnum-slimfit-12-bevestigingsmat-vloerverwarming-3-75-m2-5-stuks-van-75x100cm-w61012/ | R6: NL | S6: 150 | T6: Schaalt met m². Op beton + vezel-egaline tot ≤30 mm = hardst haalbaar binnen hoogte. | U6: ZEKER — NL webshop
A7: Vloerverwarming | B7: 2 | C7: altijd | D7: Buis | E7: MAGNUM PE-RT buis 12×1,5 mm KOMO – rol 300 m | F7: W12300 | G7: 5-laags PE-RT ø12 mm, KOMO/EVOH. | H7: Verwarmingscircuits. | I7: =MAX(1,CEILING(Parameters!$B$13/300,1)) | J7: rol | K7: 142.93 | L7: 142.93 | M7: behouden | N7: =I7*K7 | O7: NL · morgen in huis (vóór 14:30) | P7: 123InstallatieMaterialen | Q7: https://123installatiematerialen.nl/magnum-tube-vloerverwarmingsbuis-pe-rt-12-x-15-300-meter/ | R7: NL | S7: 200 | T7: All-in: +€6,95 verzending (order <€200 bij 123IM). Nog steeds goedkoper dan Elektramat €181,86. | U7: ZEKER — NL webshop
A8: Vloerverwarming | B8: 3 | C8: altijd | D8: Koppeling | E8: MAGNUM Euroconus 12×1,5 mm × ¾″ (set van 2) | F8: W90012 | G8: 1 set = 2 koppelingen (aanvoer+retour per groep). | H8: 1 set per groep. | I8: =Parameters!$B$5 | J8: set | K8: 4.69 | L8: 4.69 | M8: behouden | N8: =I8*K8 | O8: NL · 1 werkdag | P8: Elektramat | Q8: https://www.elektramat.nl/magnum-adaptor-euroconus-aansluitkoppeling-12x1-5mm-x-3-4-2-stuks-w90012/ | R8: NL | S8: 50 | T8: Schaalt met aantal groepen. | U8: ZEKER — NL webshop
A9: Vloerverwarming | B9: 4 | C9: altijd | D9: Hulpstuk | E9: MAGNUM 90° bochtondersteuning ø10–12 mm (set van 2) | F9: W90125 | G9: Ondersteunt bocht bij opgang. | H9: Opgang verdeler→vloer. | I9: =Parameters!$B$5 | J9: set | K9: 1.18 | L9: 1.18 | M9: behouden | N9: =I9*K9 | O9: NL · morgen in huis (vóór 14:30) | P9: 123InstallatieMaterialen | Q9: https://123installatiematerialen.nl/90-bochtondersteuning-buismaat-o-10-12mm-2-stuks/ | R9: NL | S9: 200 | T9: Schaalt met aantal groepen. | U9: ZEKER — NL webshop
A10: Vloerverwarming | B10: 5 | C10: altijd | D10: Lijm | E10: MAGNUM Contactlijm 500 ml | F10: W61027 | G10: Spuitlijm voor Magnum verlegsystemen. | H10: Matten vastzetten. | I10: =MAX(1,CEILING(Parameters!$B$4*0.2,1)) | J10: bus | K10: 9.05 | L10: 9.05 | M10: behouden | N10: =I10*K10 | O10: NL · 1 werkdag | P10: Elektramat | Q10: https://www.elektramat.nl/magnum-contactlijm-voor-verlijmen-magnum-verlegsystemen-w61027/ | R10: NL | S10: 50 | T10: ~0,2 bus/m². | U10: ZEKER — NL webshop
A11: Vloerverwarming | B11: 6 | C11: altijd | D11: Rand | E11: NMC Climasol randisolatie 150×8 mm – rol 25 m | F11: CLIMASOL | G11: Zelfklevend, met flap. | H11: Rondom muren; voorkomt scheuren. | I11: =MAX(2,CEILING(Parameters!$B$4/10,1)) | J11: rol | K11: 23.99 | L11: 15.62 | M11: upgrade | N11: =I11*K11 | O11: NL · vaak volgende werkdag (vóór 16:30/17:00) | P11: Installand | Q11: https://www.installand.nl/gena-climasol-randisolatie-zelfklevend-150-x-8-mm-rol-25-m | R11: NL | S11: 50 | T11: Kwaliteitsupgrade; schaalt grof met m². | U11: ZEKER — NL webshop
A12: Vloerverwarming | B12: 7 | C12: altijd | D12: Primer | E12: Kreisel Gruntolit-W 301 voorstrijk 5 L | F12: 301 | G12: Voorstrijk op BETON vóór egaline (Kreisel-systeem). | H12: Onder egaline. | I12: =MAX(1,CEILING(Parameters!$B$4*2/30,1)) | J12: bus 5L | K12: 9.29 | L12: 9.29 | M12: behouden | N12: =I12*K12 | O12: NL · 1–2 werkdagen (gebundeld met egaline) | P12: EgalineXXL | Q12: https://egalinexxl.nl/ | R12: NL | S12: 600 | T12: Zelfde shop als egaline (gebundeld voor verzending). | U12: ZEKER — NL webshop
A13: Vloerverwarming | B13: 8 | C13: altijd | D13: Egaline | E13: Kreisel 418 vezelversterkte egaline 25 kg | F13: 418 | G13: 1–50 mm, vezels, vloerverwarming. Totale opbouw SlimFit+egaline = Parameters!B7 mm. | H13: Inbedden SlimFit + buizen. | I13: =CEILING(Parameters!$B$4*1.5*Parameters!$B$7/25,1) | J13: zak | K13: 14.87 | L13: 14.87 | M13: behouden | N13: =I13*K13 | O13: NL · volgende werkdag / pallet in overleg | P13: EgalineXXL | Q13: https://egalinexxl.nl/products/kreisel-418-vezelversterkte-egalisatie-25kg-1-50mm | R13: NL | S13: 600 | T13: All-in: +pallet ~€60,50 als <€600 excl. Stort tot Parameters!B7 (22 mm aanbevolen; max 30). Vezels tegen spanning. | U13: ZEKER — NL webshop (pallet)
A14: Vloerverwarming | B14: 9 | C14: altijd | D14: Verdeler | E14: VTE Composiet 4-groeps mengverdeler + Grundfos UPM3 pomp | F14: KU100104GU | G14: Composiet, flowmeters, M30, koelbaar. | H14: Hart van het systeem. | I14: 1 | J14: st | K14: 387.18 | L14: 305.95 | M14: upgrade | N14: =I14*K14 | O14: NL · op voorraad, volgende werkdag mogelijk | P14: 123Installatieshop | Q14: https://www.123installatieshop.nl/vte-composiet-verdeler-4-groepen-met-pomp-ku100104gu | R14: NL | S14: 50 | T14: PRIJS = 4-groeps. Bij andere groepen: andere SKU/prijs kiezen! | U14: ZEKER — NL webshop
A15: Vloerverwarming | B15: 10 | C15: altijd | D15: Leiding | E15: Aanvoer + retourleiding (meerlagenbuis 16×2) | F15: ML162 | G15: Primair cv/wp → verdeler. | H15: cv/wp → verdeler. | I15: =MAX(8,ROUND(Parameters!$B$4/3,0)) | J15: m | K15: 6.5 | L15: 6.5 | M15: behouden | N15: =I15*K15 | O15: NL · ≤ 1 week (standaard meerlagenbuis) | P15: 123Installatieshop / bouwmarkt NL | Q15: https://www.123installatieshop.nl/ | R15: NL | S15: 0 | T15: Situatie-afhankelijk; schaalt licht met woninggrootte. Lokale bouwmarkt of NL-installatieshop; geen import. | U15: ZEKER — NL (generiek artikel)
A16: Vloerverwarming | B16: 11 | C16: altijd | D16: Afsluiters | E16: Kogelkranen / koppelingen set | F16: KK-SET | G16: Afsluitbaar maken. | H16: Service/afsluitbaar. | I16: 1 | J16: set | K16: 34.95 | L16: 34.95 | M16: behouden | N16: =I16*K16 | O16: NL · ≤ 1 week | P16: 123Installatieshop | Q16: https://www.123installatieshop.nl/ | R16: NL | S16: 50 | T16: Vast per installatie. | U16: ZEKER — NL webshop
A17: Vloerverwarming | B17: 12 | C17: altijd | D17: Actuator | E17: Möhlenhoff Alpha 5 thermische motor 230V NC M30×1,5 (+ adapter) | F17: A20405-00N80-1S | G17: NC 230V, VA80 adapter, 1 W. | H17: 1 per groep. | I17: =Parameters!$B$5 | J17: st | K17: =IF(ISNUMBER(SEARCH("NL zeker",Parameters!$B$8)),20.12,9.99) | L17: =K17 | M17: upgrade | N17: =I17*K17 | O17: =IF(ISNUMBER(SEARCH("NL zeker",Parameters!$B$8)),"NL · 3–4 werkdagen (VerwarmingOnline)","DE→NL · 2–5 wd DE + NL-transit (eibhandel DHL)") | P17: =IF(ISNUMBER(SEARCH("NL zeker",Parameters!$B$8)),"VerwarmingOnline","eibhandel.de") | Q17: =IF(ISNUMBER(SEARCH("NL zeker",Parameters!$B$8)),"https://verwarmingonline.nl/productgroepen/mohlenhoff-thermische-servomotor-alpha-5-nc-m30x15mm-230v-a-20405-00n/","https://eibhandel.de/Alpha-Antrieb-230V-NC-incl-Adapter-VA80") | R17: =IF(ISNUMBER(SEARCH("NL zeker",Parameters!$B$8)),"NL","DE→NL") | S17: =IF(ISNUMBER(SEARCH("NL zeker",Parameters!$B$8)),385,1000) | T17: Schakel via Parameters!B8. DE→NL: verzending ≈€15,41 + levertijd 2–5 wd DE. NL zeker: €20,12/st, verzending €0 als order ≥€385 anders ~€6,95. | U17: =IF(ISNUMBER(SEARCH("NL zeker",Parameters!$B$8)),"ZEKER — NL webshop","DE→NL bevestigd (DHL zone 1)")
A18: Vloerverwarming | B18: 13 | C18: altijd | D18: Elektra | E18: Elektrakabel 230V / signaalkabel (installatiekwaliteit) | F18: ELEKTRA | G18: Voeding pomp/regeling/actuators. | H18: Elektra. | I18: 1 | J18: kleinmateriaal | K18: 25 | L18: 20 | M18: upgrade | N18: =I18*K18 | O18: NL · 1 werkdag / direct afhalen | P18: Elektramat / bouwmarkt NL | Q18: https://www.elektramat.nl/draad-en-kabel/installatiekabel/ | R18: NL | S18: 0 | T18: Vast; bij groter project licht ophogen. | U18: ZEKER — NL
A19: Vloerverwarming | B19: 14 | C19: h64 | D19: Regeling | E19: MAGNUM H64-CC + master WiFi-thermostaat | F19: W81000 | G19: Control Center + master. | H19: Alleen bij keuze H64. | I19: 1 | J19: set | K19: 194.92 | L19: 194.92 | M19: behouden | N19: =I19*K19 | O19: NL · 1 werkdag (voor 12:00 zelfde dag verzonden) | P19: Warp Systems | Q19: https://shop.warp-systems.com/h64-control-center-master-wifi-thermostaat-wit-of-zwart-magh64cc-mt-c | R19: NL | S19: 0 | T19: NL-fabrikant, snelle levering. | U19: ZEKER — NL fabrikant
A20: Vloerverwarming | B20: 15 | C20: h64 | D20: Regeling | E20: MAGNUM H64-ST slave thermostaat | F20: W81010 | G20: Slave per extra ruimte. | H20: Ruimte 2…N bij H64. | I20: =MAX(0,Parameters!$B$6-1) | J20: st | K20: 44.58 | L20: 44.58 | M20: behouden | N20: =I20*K20 | O20: NL · 1 werkdag | P20: Warp Systems | Q20: https://shop.warp-systems.com/catalogsearch/result/?q=slave+H64 | R20: NL | S20: 0 | T20: Schaalt met ruimten−1. | U20: ZEKER — NL fabrikant
A21: Vloerverwarming | B21: 16 | C21: tado_draadloos | D21: Regeling | E21: tado° Draadloze Slimme Thermostaat X Starterskit | F21: TADO-WX | G21: Wireless X + Bridge. | H21: 1 kit per ruimte (draadloos). | I21: =Parameters!$B$6 | J21: set | K21: 129 | L21: 129 | M21: behouden | N21: =I21*K21 | O21: NL/EU · 2–4 werkdagen (tado° levert NL) | P21: tado° Shop | Q21: https://shop.tado.com/nl-bx/products/wireless-smart-thermostat-x-starter-kit | R21: NL | S21: 150 | T21: Schaalt met ruimten. Officiële shop goedkoopst. | U21: ZEKER — tado° NL-shop
A22: Vloerverwarming | B22: 17 | C22: tado_bedraad | D22: Regeling | E22: tado° Slimme Thermostaat X Starterskit bedraad + Bridge X | F22: TADO-WX-W | G22: Wired starter + Bridge. | H22: Kamer 1 + netwerk. | I22: 1 | J22: set | K22: 129.99 | L22: 129.99 | M22: upgrade | N22: =I22*K22 | O22: NL/EU · 2–4 werkdagen | P22: tado° Shop | Q22: https://shop.tado.com/nl-bx/products/smart-thermostat-x-starter-kit-1 | R22: NL | S22: 150 | T22: Aanbevolen pad (bedraad). | U22: ZEKER — tado° NL-shop
A23: Vloerverwarming | B23: 18 | C23: tado_bedraad | D23: Regeling | E23: tado° Slimme Thermostaat X bedraad (uitbreiding) | F23: TADO-WX-E | G23: Extra bedrade thermostaat. | H23: Kamer 2…N. | I23: =MAX(0,Parameters!$B$6-1) | J23: st | K23: 100 | L23: 100 | M23: upgrade | N23: =I23*K23 | O23: NL/EU · 2–4 werkdagen | P23: tado° Shop | Q23: https://shop.tado.com/nl-bx/products/smart-thermostat-x-wired | R23: NL | S23: 150 | T23: Schaalt met ruimten−1. | U23: ZEKER — tado° NL-shop
A24: Vloerverwarming | B24: 19 | C24: tado_optie | D24: Regeling | E24: tado° Bridge X (extra indien nodig) | F24: TADO-BR | G24: Alleen bij bereikproblemen. | H24: Optioneel. | I24: 0 | J24: st | K24: 68 | L24: 68 | M24: behouden | N24: =I24*K24 | O24: NL/EU · 2–4 werkdagen | P24: tado° Shop | Q24: https://shop.tado.com/nl-bx/ | R24: NL | S24: 150 | T24: Standaard 0; handmatig verhogen indien nodig. | U24: ZEKER — tado° NL-shop
A26: Groen = hoeveelheid-formule (schaalt). Totaal = Hoeveelheid × Prijs/st. Verzendkosten: sheet Verzending.

Sheet All-in-check
A1: All-in check — SlimFit op beton ≤30 mm
A2: Terug naar SlimFit-BOM: zandcement paste niet in 3 cm. Beton + 22 mm egaline = kwalitatief best haalbaar.
A3: Verdict: SlimFit-pad behouden t.o.v. nat systeem i.v.m. hoogte. Shops all-in ongewijzigd t.o.v. eerdere SlimFit-revisie.
A5: # | B5: Artikel | C5: Gekozen (all-in) | D5: Alternatief all-in | E5: Δ | F5: NL-leverbaar? | G5: Verdict
A6: 1 | B6: SlimFit matten 8× | C6: Elektramat €695,52 (ship €0; order ≫ €150 excl) | D6: 123IM €711,92 · VV-direct €712 | E6: −€16…€17 | F6: Ja NL 1 wd | G6: BEHOUDEN
A7: 2 | B7: PE-RT 300 m | C7: 123IM €142,93 + €6,95 ship ≈ €149,88 (order <€200) | D7: Elektramat €181,86 (ship €0 in combi) | E7: −€32 | F7: Ja NL morgen | G7: BEHOUDEN
A8: 3 | B8: Kreisel 418 33× + primer | C8: EgalineXXL €509,29 + pallet €60,50 = €569,79 | D8: RBMB duurder/stuk · extra kopen tot €600 excl ≈ €610+ | E8: −€40… | F8: Ja NL pallet | G8: BEHOUDEN
A9: 4 | B9: VTE Composiet 4-gr. | C9: 123Installatieshop €387,18 (ship €0 ≥€150) | D9: VV-shop €405 · CVTotaal €423 · Jan Isolatieman €469 | E9: −€18…€82 | F9: Ja NL ≤1 wk | G9: BEHOUDEN
A10: 5 | B10: Möhlenhoff Alpha 5 ×4 | C10: eibhandel.de €39,96 + €15,41 = €55,37 | D10: Amazon~€52,64* · Home Perfect €69,94 · VerwarmingOnline €87,43 | E10: beste bevestigd | F10: Ja DE→NL DHL | G10: BEHOUDEN
A11: 6 | B11: NMC Climasol 3× | C11: Installand €71,97 (ship €0 ≥€60) | D11: Generiek Distriheat goedkoper maar mindere kwaliteit | E11: kwaliteit | F11: Ja NL | G11: BEHOUDEN
A12: 7 | B12: H64-CC + slaves | C12: Warp Systems €194,92 + 2×€44,58 (NL) | D12: 123IM H64-CC was €213,74 | E12: −€19 CC | F12: Ja NL 1 wd | G12: BEHOUDEN
A13: 8 | B13: Tado bedraad 3 ruimten | C13: tado° Shop €329,99 (ship €0 ≥€150) | D13: bol/retail vaak €189–€194 per starter alleen | E13: goedkoopst | F13: Ja NL/EU | G13: BEHOUDEN
A15: Consolidatie-check (minder shops = minder verzending?)
A16: • PE-RT meenemen bij Elektramat (zelfde order als SlimFit): all-in €181,86 i.p.v. ~€149,88 → NIET doen.
A17: • Extra egaline kopen tot gratis drempel (€600 excl): duurder dan pallet betalen → NIET doen.
A18: • Actuators bij VerwarmingOnline (pure NL): +€32 vs eibhandel → alleen als je DE wilt vermijden.
A19: • Home Perfect (€10,01/st) lijkt scherp maar +€29,90 ship + 7–10 wd → all-in slechter én trager.
A21: Buitenland / NL-zekerheid
A22: Enige buitenlandse shop: eibhandel.de (actuators). Levert naar NL (DHL zone 1), verzending €15,41 incl, levertijd 2–5 wd DE (+NL-transit, meestal ≤1 week).
A23: Alles overige: Nederlandse webshops met snelle levering.
A24: * Amazon.nl-prijs is indicatief (listings wisselen); eibhandel is stabiel bevestigd all-in.
A26: Live totalen (formules, schalen met m²)
A27: Basis artikelen | B27: =Overzicht!B10
A28: Basis verzending | B28: =Overzicht!C10
A29: Basis all-in | B29: =Overzicht!D10
A30: All-in + Tado bedraad | B30: =Overzicht!D11
A32: NL-update: schakelaar Parameters!B8. Default DE→NL blijft goedkoopst all-in; kies NL zeker indien je geen import wilt.

Sheet Verzending
A1: Verzendkosten — berekend all-in (NL-leverbaar)
A2: Alleen shops die écht naar NL leveren. Buitenland = verzending + levertijd meegenomen. Onder drempel → kosten; daarboven → €0.
A4: Shop | B4: Land | C4: Subtotaal artikelen | D4: Drempel gratis | E4: Verzendkosten | F4: All-in shop | G4: Levertijd | H4: Opmerking
A5: Elektramat | B5: NL | C5: =SUMIFS(Boodschappenlijst!$N$6:$N$24,Boodschappenlijst!$P$6:$P$24,A5,Boodschappenlijst!$C$6:$C$24,"altijd") | D5: 150 | E5: =IF(C5<=0,0,IF(C5/1.21>=150,0,4.95)) | F5: =C5+E5 | G5: 1 werkdag | H5: Drempel €150 excl. btw; onder: €4,09 excl ≈ €4,95 incl
A6: 123InstallatieMaterialen | B6: NL | C6: =SUMIFS(Boodschappenlijst!$N$6:$N$24,Boodschappenlijst!$P$6:$P$24,A6,Boodschappenlijst!$C$6:$C$24,"altijd") | D6: 200 | E6: =IF(C6<=0,0,IF(C6>=200,0,6.95)) | F6: =C6+E6 | G6: morgen | H6: Buis+bochten vaak <€200 → €6,95 verzending; all-in nog steeds goedkoper dan Elektramat-buis
A7: 123Installatieshop | B7: NL | C7: =SUMIFS(Boodschappenlijst!$N$6:$N$24,Boodschappenlijst!$P$6:$P$24,A7,Boodschappenlijst!$C$6:$C$24,"altijd") | D7: 150 | E7: =IF(C7<=0,0,IF(C7>=150,0,6.95)) | F7: =C7+E7 | G7: ≤1 week | H7: Verdeler alleen al >€150 → gratis verzending
A8: EgalineXXL | B8: NL | C8: =SUMIFS(Boodschappenlijst!$N$6:$N$24,Boodschappenlijst!$P$6:$P$24,A8,Boodschappenlijst!$C$6:$C$24,"altijd") | D8: 600 | E8: =IF(C8<=0,0,IF(C8/1.21>=600,0,60.5)) | F8: =C8+E8 | G8: 1–2 wd / pallet | H8: Primer+egaline; drempel €600 excl. btw → deel door 1,21; pallet €60,50 incl
A9: =IF(ISNUMBER(SEARCH("NL zeker",Parameters!$B$8)),"VerwarmingOnline","eibhandel.de") | B9: =IF(ISNUMBER(SEARCH("NL zeker",Parameters!$B$8)),"NL","DE→NL") | C9: =Boodschappenlijst!N17 | D9: =IF(ISNUMBER(SEARCH("NL zeker",Parameters!$B$8)),385,1000) | E9: =IF(C9<=0,0,IF(ISNUMBER(SEARCH("NL zeker",Parameters!$B$8)),IF(C9>=385,0,6.95),IF(C9>=1000,0,15.41))) | F9: =C9+E9 | G9: =IF(ISNUMBER(SEARCH("NL zeker",Parameters!$B$8)),"NL 3–4 wd","DE→NL 2–5+ wd") | H9: Volgt Parameters!B8. DE: DHL zone 1 NL €15,41. NL: VerwarmingOnline drempel €385.
A10: Warp Systems | B10: NL | C10: =SUMIFS(Boodschappenlijst!$N$6:$N$24,Boodschappenlijst!$P$6:$P$24,A10,Boodschappenlijst!$C$6:$C$24,"h64") | D10: 0 | E10: 0 | F10: =C10+E10 | G10: 1 werkdag | H10: Alleen bij H64-pad
A11: tado° Shop | B11: NL | C11: =SUMIFS(Boodschappenlijst!$N$6:$N$24,Boodschappenlijst!$P$6:$P$24,A11,Boodschappenlijst!$C$6:$C$24,"tado_bedraad")+SUMIFS(Boodschappenlijst!$N$6:$N$24,Boodschappenlijst!$P$6:$P$24,A11,Boodschappenlijst!$C$6:$C$24,"tado_draadloos") | D11: 150 | E11: =IF(C11<=0,0,IF(C11>=150,0,4.99)) | F11: =C11+E11 | G11: 2–4 wd | H11: Alleen bij Tado-pad
A12: Installand | B12: NL | C12: =SUMIFS(Boodschappenlijst!$N$6:$N$24,Boodschappenlijst!$P$6:$P$24,A12,Boodschappenlijst!$C$6:$C$24,"altijd") | D12: 60 | E12: =IF(C12<=0,0,IF(C12>=60,0,6.95)) | F12: =C12+E12 | G12: ≤1 week | H12: Gratis vanaf €60; 3 rollen Climasol ≈ €72 → meestal gratis
A14: Totaal verzending BASIS (altijd-shops, excl. regeling) | B14: =E5+E6+E7+E8+E9+E12
A15: Totaal verzending + Tado bedraad | B15: =B14+E11
A16: Totaal verzending + H64 | B16: =B14+E10
A18: Actuators — all-in & NL-zekerheid (live t.o.v. Parameters!B8)
A19: Optie | B19: Stuksprijs | C19: × groepen | D19: Verzending | E19: All-in | F19: NL-zeker?
A20: eibhandel.de (gekozen) | B20: 9.99 | C20: =B20*Parameters!$B$5 | D20: 15.41 | E20: =C20+D20 | F20: Ja — DHL zone 1 NL, kosten expliciet
A21: Amazon.nl (indicatief) | B21: 13.16 | C21: =B21*Parameters!$B$5 | D21: 0 | E21: =C21+D21 | F21: Ja — Prime NL; check actuele listing/voorraad
A22: Home Perfect NL/DE | B22: 10.01 | C22: =B22*Parameters!$B$5 | D22: 29.9 | E22: =C22+D22 | F22: Nee/matig — €29,90 ship + 7–10 wd
A23: VerwarmingOnline NL | B23: 20.12 | C23: =B23*Parameters!$B$5 | D23: =IF(C23>=385,0,6.95) | E23: =C23+D23 | F23: Ja — NL, maar duurder all-in
A24: VERDICT actuators: eibhandel.de blijft goedkoopst all-in (~€55 bij 4 st). Amazon soms dichterbij. Home Perfect/VerwarmingOnline duurder.
A25: =IF(ISNUMBER(SEARCH("NL zeker",Parameters!$B$8)),"Gekozen: NL zeker (VerwarmingOnline) — 100% NL-webshop.","Gekozen: DE→NL (eibhandel) — goedkoopst all-in, NL-levering via DHL met verzending+levertijd.")
A26: Zakken | B26: =Parameters!B15
A27: Artikelkosten | B27: =B26*14.87
A28: Excl. btw (≈ /1,21) | B28: =B27/1.21
A29: Verzending pallet | B29: =IF(B28>=600,0,60.5)
A30: All-in egaline | B30: =B27+B29

Sheet Regeling-keuze
A1: KOPJE: Vloerverwarming — regeling
A3: Kies hier je regeling → | B3: Tado bedraad (3 ruimten)
A5: Tip: bedraad = kwalitatief preferabel. Aantal thermostaten schaalt via Parameters!Ruimten.
A6: Opties: "Tado bedraad (…)" / "Tado draadloos" / "Magnum H64" — koop niet H64 én Tado samen.

Sheet Kwaliteitskeuzes
A1: KWALITEIT binnen 30 mm op BETON (aug 2026)
A2: Randvoorwaarden: beton + max. 3 cm totale VV-opbouw → nat 16 mm/zandcement onmogelijk.
A4: Beste haalbare keuze
A5: MAGNUM SlimFit 12 + PE-RT 12×1,5 + Kreisel 418 vezel-egaline tot 22 mm (tot 30 mm max)
A6: Waarom: Magnum-spec 17–22 mm past ruim in 30 mm. Beton = stijve ondergrond → veel minder “golven” dan op hout.
A8: Bewust afgewezen
A9: • Nat 16 mm + zandcement ≥50 mm: te hoog (~70–90 mm).
A10: • Noppenplaat 28 mm: al ~28 mm zonder dekvloer → past niet + dekvloer.
A11: • Heatboard droog: mogelijk, maar egaline-sandwich op beton is hier massiever/harder voor dezelfde hoogte.
A13: Tips hardheid
A14: 1) Primer op beton. 2) Matten goed verlijmen. 3) Egaline tot min. 22 mm, liever dichter bij 28–30 mm als hoogte toelaat.
A15: 4) Afwerking: tegels > PVC/laminaat voor het hardste gevoel (tegeldikte komt BOVENOP de 30 mm VV-opbouw).
... A18: Behouden upgrades: NMC Climasol, VTE Composiet+Grundfos, Möhlenhoff Alpha 5, Tado bedraad.

Sheet Prijszoek-top5
A1: Prijszoek – SlimFit-BOM (beton, max 30 mm)
A2: Gezocht NL + DE webshops, 22 aug 2026. Alleen gewijzigd als aantoonbaar goedkoper én binnen levertijd.
A4: # | B4: Item (regeltotaal) | C4: Was | D4: Beste gevonden | E4: Actie | F4: Besparing
A5: 1 | B5: MAGNUM SlimFit 12 matten (8×) | C5: Elektramat €86,94/st (€695,52) | D5: Bouwmaat €86,50 (geen voorraad/bezorging); VihamiJ €86,36 excl=duurder + 3–4 wkn; overige ≥€88,99 | E5: BEHOUDEN Elektramat | F5: €0
A6: 2 | B6: Kreisel 418 egaline (33×) | C6: EgalineXXL €14,87/st (€490,71) | D6: RBMB ≥€16,55/st (bulkpas pas vanaf 41); geen goedkopere met snelle levering | E6: BEHOUDEN EgalineXXL | F6: €0
A7: 3 | B7: VTE Composiet 4-groeps + Grundfos | C7: 123Installatieshop €387,18 | D7: CVTotaal €423; VV-shop €404,95; Bouwbestel €440; Jan de Isolatieman €469 | E7: BEHOUDEN 123Installatieshop | F7: €0
A8: 4 | B8: MAGNUM PE-RT 12×1,5 300 m | C8: 123InstallatieMaterialen €142,93 | D8: Klusspullen €141,95 maar voorraad 0 / levertijd 1–2 wkn → afgewezen; Elektramat €181,86; VV-shop €164,70 | E8: BEHOUDEN 123IM | F8: €0
A9: 5a | B9: Möhlenhoff Alpha 5 ×4 (altijd) | C9: VerwarmingOnline €20,12 → €80,48 | D9: eibhandel.de €9,99 + NL-verzending ~€15,41 = ~€55,37; Amazon.nl ~€13,16/st met Prime | E9: GEWIJZIGD → eibhandel | F9: ~€25
A10: 5b | B10: MAGNUM H64-CC + master (optie) | C10: 123IM €213,74 | D10: Warp Systems €194,92 (1 wd) | E10: GEWIJZIGD → Warp | F10: ~€19
A12: Niet meegenomen
A13: • PioTek DE (~€9,90): verzendt niet meer naar NL.
A14: • Bouwmaat SlimFit €86,50: tijdelijk niet beschikbaar / geen bezorging.
A15: • Klusspullen PE-RT €141,95: goedkoper op papier, maar 0 voorraad / 1–2 weken.
A16: • Tado: officiële tado° Shop blijft goedkoopst (bol/retail vaak duurder).
A18: All-in met verzending: zie sheet Verzending (egaline pallet + eibhandel DE→NL).

Sheet Tado-aansluiting
A1: KOPJE: Vloerverwarming — Tado
A2: =Parameters!B6&" ruimten · "&Parameters!B5&" groepen · "&Parameters!B4&" m²"
A4: Ruimte | B4: Groepen | C4: Tado | D4: Actuators
A5: Ruimte 1 (groot) | B5: meerdere mogelijk | C5: Bedraad X (+ Bridge in starter) | D5: parallel op 1 thermostaat
A6: Ruimte 2…N | B6: 1 per ruimte typisch | C6: Bedraad X uitbreiding | D6: 1 actuator / groep
A8: Exacte groepsverdeling is situatiespecifiek; totalen schalen via Parameters.

Sheet Bestelchecklist
A1: KOPJE: Vloerverwarming — checklist (hoeveelheden = live uit Boodschappenlijst)
A3: Artikel | B3: Qty | C3: Webshop | D3: Prijs/st | E3: Totaal | F3: Besteld? | G3: Ordernr
A4: =Boodschappenlijst!E6 | B4: =Boodschappenlijst!I6 | C4: =Boodschappenlijst!P6 | D4: =Boodschappenlijst!K6 | E4: =Boodschappenlijst!N6 | F4: Nee
A5: =Boodschappenlijst!E7 | B5: =Boodschappenlijst!I7 | C5: =Boodschappenlijst!P7 | D5: =Boodschappenlijst!K7 | E5: =Boodschappenlijst!N7 | F5: Nee
A6: =Boodschappenlijst!E8 | B6: =Boodschappenlijst!I8 | C6: =Boodschappenlijst!P8 | D6: =Boodschappenlijst!K8 | E6: =Boodschappenlijst!N8 | F6: Nee
A7: =Boodschappenlijst!E9 | B7: =Boodschappenlijst!I9 | C7: =Boodschappenlijst!P9 | D7: =Boodschappenlijst!K9 | E7: =Boodschappenlijst!N9 | F7: Nee
A8: =Boodschappenlijst!E10 | B8: =Boodschappenlijst!I10 | C8: =Boodschappenlijst!P10 | D8: =Boodschappenlijst!K10 | E8: =Boodschappenlijst!N10 | F8: Nee
A9: =Boodschappenlijst!E11 | B9: =Boodschappenlijst!I11 | C9: =Boodschappenlijst!P11 | D9: =Boodschappenlijst!K11 | E9: =Boodschappenlijst!N11 | F9: Nee
A10: =Boodschappenlijst!E12 | B10: =Boodschappenlijst!I12 | C10: =Boodschappenlijst!P12 | D10: =Boodschappenlijst!K12 | E10: =Boodschappenlijst!N12 | F10: Nee
A11: =Boodschappenlijst!E13 | B11: =Boodschappenlijst!I13 | C11: =Boodschappenlijst!P13 | D11: =Boodschappenlijst!K13 | E11: =Boodschappenlijst!N13 | F11: Nee
A12: =Boodschappenlijst!E14 | B12: =Boodschappenlijst!I14 | C12: =Boodschappenlijst!P14 | D12: =Boodschappenlijst!K14 | E12: =Boodschappenlijst!N14 | F12: Nee
A13: =Boodschappenlijst!E15 | B13: =Boodschappenlijst!I15 | C13: =Boodschappenlijst!P15 | D13: =Boodschappenlijst!K15 | E13: =Boodschappenlijst!N15 | F13: Nee
A14: =Boodschappenlijst!E16 | B14: =Boodschappenlijst!I16 | C14: =Boodschappenlijst!P16 | D14: =Boodschappenlijst!K16 | E14: =Boodschappenlijst!N16 | F14: Nee
A15: =Boodschappenlijst!E17 | B15: =Boodschappenlijst!I17 | C15: =Boodschappenlijst!P17 | D15: =Boodschappenlijst!K17 | E15: =Boodschappenlijst!N17 | F15: Nee
... A22: =Boodschappenlijst!E24 | B22: =Boodschappenlijst!I24 | C22: =Boodschappenlijst!P24 | D22: =Boodschappenlijst!K24 | E22: =Boodschappenlijst!N24 | F22: Nee
